name,count,first access
bob,7,2020-05-19T02:13:42.321Z 2020-05-19T03:31:53.080Z 2020-05-19T03:42:00.881Z 2020-05-19T03:46:31.780Z 2020-05-19T03:53:00.850Z 2020-05-19T04:04:55.125Z 2020-05-19T08:30:08.468Z
sue,1,2020-05-19T11:37:14.237Z
harry,1,2020-05-19T02:02:51.339Z
paul,1,2020-05-19T11:44:04.810Z
sam,2,2020-05-19T11:16:53.992Z 2020-05-19T11:30:31.395Z
tony,3,2020-05-19T06:11:34.551Z 2020-05-19T06:14:55.989Z 2020-05-19T06:17:49.694Z
tina,1,2020-05-19T08:00:44.664Z
mike,48,2020-05-19T05:11:09.213Z 2020-05-19T05:11:55.925Z 2020-05-19T05:13:08.640Z 2020-05-19T05:14:21.377Z 2020-05-19T05:15:24.259Z 2020-05-19T05:16:35.017Z 2020-05-19T05:17:40.397Z 2020-05-19T05:18:33.162Z 2020-05-19T05:19:37.313Z 2020-05-19T05:20:35.586Z 2020-05-19T05:21:30.184Z 2020-05-19T05:22:36.893Z 2020-05-19T05:23:39.562Z 2020-05-19T05:24:29.680Z 2020-05-19T05:25:21.117Z 2020-05-19T05:26:27.692Z 2020-05-19T05:27:29.296Z 2020-05-19T05:28:19.657Z 2020-05-19T05:28:59.382Z 2020-05-19T05:30:02.533Z 2020-05-19T05:30:46.746Z 2020-05-19T05:31:47.780Z 2020-05-19T05:32:47.647Z 2020-05-19T05:33:48.880Z 2020-05-19T05:34:42.508Z 2020-05-19T05:35:43.260Z 2020-05-19T05:36:35.584Z 2020-05-19T05:37:34.998Z 2020-05-19T05:38:18.749Z 2020-05-19T05:39:19.081Z 2020-05-19T05:40:05.550Z 2020-05-19T05:40:59.013Z 2020-05-19T05:41:49.969Z 2020-05-19T05:42:52.388Z 2020-05-19T05:43:58.045Z 2020-05-19T05:44:52.621Z 2020-05-19T05:45:51.241Z 2020-05-19T05:47:46.269Z 2020-05-19T05:48:52.788Z 2020-05-19T05:49:53.317Z 2020-05-19T05:50:59.580Z 2020-05-19T05:51:57.868Z 2020-05-19T05:53:14.097Z 2020-05-19T05:55:05.191Z 2020-05-19T05:56:01.891Z 2020-05-19T05:57:04.893Z 2020-05-19T06:00:07.585Z 2020-05-19T06:01:08.259Z
lara,5,2020-05-19T02:00:00.627Z 2020-05-19T02:22:05.716Z 2020-05-19T02:35:52.936Z 2020-05-19T02:37:07.871Z 2020-05-19T02:40:00.161Z
ida,4,2020-05-19T03:43:22.655Z 2020-05-19T03:43:34.294Z 2020-05-19T03:43:41.626Z 2020-05-19T03:44:09.520Z
paul,3,2020-05-19T03:32:36.347Z 2020-05-19T03:34:00.869Z 2020-05-19T03:57:32.179Z
lisa,3,2020-05-19T02:10:25.204Z 2020-05-19T02:18:39.925Z 2020-05-19T02:51:20.908Z
